squeezing_db,pZ_proxy,loss_base,pE_data,pE_anc,distance,trials,success_prob_within_cap,erasure_rate,avg_rounds_given_success,avg_fidelity_injected_given_success,avg_fidelity_logical_given_success,p_phys_eff
8.0,0.003648603757513078,0.005,0.005109458112725392,0.007664187169088088,1.0,5000.0,0.9846,0.0154,1.1757058704042251,0.7959900699140503,0.7649913091992231,0.0020945811272539234
8.0,0.003648603757513078,0.005,0.005109458112725392,0.007664187169088088,3.0,5000.0,0.984,0.016,1.1896341463414635,0.7959900699140503,0.7894971279978964,0.0020945811272539234
8.0,0.003648603757513078,0.005,0.005109458112725392,0.007664187169088088,5.0,5000.0,0.982,0.018,1.1824847250509165,0.7959900699140502,0.7946300705542572,0.0020945811272539234
8.0,0.003648603757513078,0.005,0.005109458112725392,0.007664187169088088,7.0,5000.0,0.9844,0.0156,1.1793986184477854,0.7959900699140502,0.7957052070148399,0.0020945811272539234
8.5,0.003062846040249265,0.005,0.005091885381207479,0.007637828071811217,1.0,5000.0,0.9848,0.0152,1.174654752233956,0.7958050573225783,0.7674247242288573,0.0019188538120747795
8.5,0.003062846040249265,0.005,0.005091885381207479,0.007637828071811217,3.0,5000.0,0.983,0.017,1.1820956256358088,0.7958050573225784,0.7903592862880945,0.0019188538120747795
8.5,0.003062846040249265,0.005,0.005091885381207479,0.007637828071811217,5.0,5000.0,0.9852,0.0148,1.1816889971579374,0.7958050573225784,0.7947600934716581,0.0019188538120747795
8.5,0.003062846040249265,0.005,0.005091885381207479,0.007637828071811217,7.0,5000.0,0.9858,0.0142,1.1903022925542706,0.7958050573225783,0.7956045440356966,0.0019188538120747795
9.0,0.002571127612022411,0.005,0.005077133828360673,0.007615700742541008,1.0,5000.0,0.9854,0.0146,1.1871321290846357,0.7956495787300862,0.7694648078632464,0.0017713382836067233
9.0,0.002571127612022411,0.005,0.005077133828360673,0.007615700742541008,3.0,5000.0,0.981,0.019,1.2034658511722731,0.7956495787300861,0.7910113700216961,0.0017713382836067233
9.0,0.002571127612022411,0.005,0.005077133828360673,0.007615700742541008,5.0,5000.0,0.9844,0.0156,1.1877285656237302,0.7956495787300862,0.7948279950648334,0.0017713382836067233
9.0,0.002571127612022411,0.005,0.005077133828360673,0.007615700742541008,7.0,5000.0,0.9866,0.0134,1.1745388201905533,0.7956495787300862,0.7955040484701414,0.0017713382836067233
9.5,0.00215835112520578,0.005,0.005064750533756174,0.00759712580063426,1.0,5000.0,0.9876,0.0124,1.1814499797488862,0.7955189424126645,0.7711754906638911,0.0016475053375617338
9.5,0.00215835112520578,0.005,0.005064750533756174,0.00759712580063426,3.0,5000.0,0.9838,0.0162,1.187436470827404,0.7955189424126646,0.7915083457435865,0.0016475053375617338
9.5,0.00215835112520578,0.005,0.005064750533756174,0.00759712580063426,5.0,5000.0,0.9862,0.0138,1.1861691340498886,0.7955189424126646,0.7948581944707531,0.0016475053375617338
9.5,0.00215835112520578,0.005,0.005064750533756174,0.00759712580063426,7.0,5000.0,0.9856,0.0144,1.1895292207792207,0.7955189424126646,0.7954100838365562,0.0016475053375617338
10.0,0.00181184300533911,0.005,0.005054355290160173,0.007581532935240259,1.0,5000.0,0.9874,0.0126,1.1814867328337046,0.7954091951772986,0.7726102091585111,0.001543552901601733
10.0,0.00181184300533911,0.005,0.005054355290160173,0.007581532935240259,3.0,5000.0,0.9872,0.0128,1.182131280388979,0.7954091951772985,0.7918900510750106,0.001543552901601733
10.0,0.00181184300533911,0.005,0.005054355290160173,0.007581532935240259,5.0,5000.0,0.9846,0.0154,1.1927686370099533,0.7954091951772986,0.7948659966682743,0.001543552901601733
10.0,0.00181184300533911,0.005,0.005054355290160173,0.007581532935240259,7.0,5000.0,0.9836,0.0164,1.1693777958519724,0.7954091951772986,0.7953253496138233,0.001543552901601733
10.5,0.0015209643313634966,0.005,0.0050456289299409054,0.007568443394911357,1.0,5000.0,0.9862,0.0138,1.1914418981950923,0.79531700813477,0.7738136581907621,0.001456289299409049
10.5,0.0015209643313634966,0.005,0.0050456289299409054,0.007568443394911357,3.0,5000.0,0.9864,0.0136,1.178426601784266,0.7953170081347701,0.7921854982922792,0.001456289299409049
10.5,0.0015209643313634966,0.005,0.0050456289299409054,0.007568443394911357,5.0,5000.0,0.9838,0.0162,1.174019109575117,0.79531700813477,0.7948609697073086,0.001456289299409049
10.5,0.0015209643313634966,0.005,0.0050456289299409054,0.007568443394911357,7.0,5000.0,0.9834,0.0166,1.1871059589180395,0.7953170081347701,0.795250595746567,0.001456289299409049
11.0,0.0012767841863026304,0.005,0.005038303525589078,0.007557455288383618,1.0,5000.0,0.9856,0.0144,1.1761363636363635,0.7952395795296051,0.7748232421584139,0.0013830352558907892
11.0,0.0012767841863026304,0.005,0.005038303525589078,0.007557455288383618,3.0,5000.0,0.9842,0.0158,1.1847185531396058,0.7952395795296051,0.7924159280915531,0.0013830352558907892
11.0,0.0012767841863026304,0.005,0.005038303525589078,0.007557455288383618,5.0,5000.0,0.9844,0.0156,1.1867127184071515,0.7952395795296051,0.7948490585806879,0.0013830352558907892
11.0,0.0012767841863026304,0.005,0.005038303525589078,0.007557455288383618,7.0,5000.0,0.9854,0.0146,1.1857113862390907,0.7952395795296051,0.7951855691055532,0.0013830352558907892
11.5,0.0010718054491988432,0.005,0.005032154163475965,0.007548231245213947,1.0,5000.0,0.9874,0.0126,1.1964755924650599,0.79517455226706,0.775670279249937,0.001321541634759653
11.5,0.0010718054491988432,0.005,0.005032154163475965,0.007548231245213947,3.0,5000.0,0.9884,0.0116,1.1851477134763253,0.79517455226706,0.7925969813822754,0.001321541634759653
11.5,0.0010718054491988432,0.005,0.005032154163475965,0.007548231245213947,5.0,5000.0,0.9856,0.0144,1.1801948051948052,0.79517455226706,0.7948339155429814,0.001321541634759653
11.5,0.0010718054491988432,0.005,0.005032154163475965,0.007548231245213947,7.0,5000.0,0.9824,0.0176,1.191571661237785,0.79517455226706,0.7951295357057403,0.001321541634759653
12.0,0.000899734609228663,0.005,0.00502699203827686,0.007540488057415289,1.0,5000.0,0.9848,0.0152,1.1803411860276198,0.795119944044294,0.776381002429125,0.0012699203827685988
12.0,0.000899734609228663,0.005,0.00502699203827686,0.007540488057415289,3.0,5000.0,0.9812,0.0188,1.185283326538932,0.795119944044294,0.7927402476534325,0.0012699203827685988
12.0,0.000899734609228663,0.005,0.00502699203827686,0.007540488057415289,5.0,5000.0,0.9828,0.0172,1.178876678876679,0.795119944044294,0.7948177415491385,0.0012699203827685988
12.0,0.000899734609228663,0.005,0.00502699203827686,0.007540488057415289,7.0,5000.0,0.9848,0.0152,1.1862307067424858,0.795119944044294,0.7950815667334618,0.0012699203827685988
12.5,0.0007552885345460398,0.005,0.005022658656036382,0.007533987984054572,1.0,5000.0,0.988,0.012,1.1779352226720647,0.7950740882501054,0.7769773927021462,0.001226586560363812
12.5,0.0007552885345460398,0.005,0.005022658656036382,0.007533987984054572,3.0,5000.0,0.9856,0.0144,1.1812094155844155,0.7950740882501054,0.7928543718954932,0.001226586560363812
12.5,0.0007552885345460398,0.005,0.005022658656036382,0.007533987984054572,5.0,5000.0,0.9846,0.0154,1.1740808450132034,0.7950740882501054,0.7948018208252667,0.001226586560363812
12.5,0.0007552885345460398,0.005,0.005022658656036382,0.007533987984054572,7.0,5000.0,0.9864,0.0136,1.1891727493917275,0.7950740882501054,0.7950406922936921,0.001226586560363812
13.0,0.0006340322630311592,0.005,0.005019020967890935,0.007528531451836402,1.0,5000.0,0.987,0.013,1.1892603850050658,0.7950355840368378,0.777477873649672,0.0011902096789093478
13.0,0.0006340322630311592,0.005,0.005019020967890935,0.007528531451836402,3.0,5000.0,0.9826,0.0174,1.1780989212293913,0.7950355840368378,0.7929458483526088,0.0011902096789093478
13.0,0.0006340322630311592,0.005,0.005019020967890935,0.007528531451836402,5.0,5000.0,0.9856,0.0144,1.1864853896103895,0.7950355840368379,0.7947868616730648,0.0011902096789093478
13.0,0.0006340322630311592,0.005,0.005019020967890935,0.007528531451836402,7.0,5000.0,0.9874,0.0126,1.1845250151914117,0.7950355840368379,0.7950059808603654,0.0011902096789093478
13.5,0.0005322428345956954,0.005,0.005015967285037871,0.007523950927556806,1.0,5000.0,0.9864,0.0136,1.1794403892944039,0.7950032541852269,0.777897890952628,0.0011596728503787087
13.5,0.0005322428345956954,0.005,0.005015967285037871,0.007523950927556806,3.0,5000.0,0.9878,0.0122,1.1688600931362625,0.7950032541852269,0.7930195916515556,0.0011596728503787087
13.5,0.0005322428345956954,0.005,0.005015967285037871,0.007523950927556806,5.0,5000.0,0.9872,0.0128,1.1861831442463533,0.7950032541852269,0.7947732142267654,0.0011596728503787087
13.5,0.0005322428345956954,0.005,0.005015967285037871,0.007523950927556806,7.0,5000.0,0.9874,0.0126,1.1792586591047194,0.7950032541852269,0.7949765770757936,0.0011596728503787087
14.0,0.00044679498425546064,0.005,0.005013403849527663,0.007520105774291495,1.0,5000.0,0.9844,0.0156,1.1897602600568875,0.7949761095768483,0.778250396404494,0.0011340384952766383
14.0,0.00044679498425546064,0.005,0.005013403849527663,0.007520105774291495,3.0,5000.0,0.986,0.014,1.194523326572008,0.7949761095768483,0.7930793493170079,0.0011340384952766383
14.0,0.00044679498425546064,0.005,0.005013403849527663,0.007520105774291495,5.0,5000.0,0.9848,0.0152,1.1811535337124288,0.7949761095768483,0.7947610096617516,0.0011340384952766383
14.0,0.00044679498425546064,0.005,0.005013403849527663,0.007520105774291495,7.0,5000.0,0.9862,0.0138,1.1890083147434598,0.7949761095768483,0.7949517164184435,0.0011340384952766383
14.5,0.000375065186377714,0.005,0.005011251955591331,0.007516877933386997,1.0,5000.0,0.989,0.011,1.1830131445904954,0.794953319259694,0.7785462524717965,0.0011125195559133143
14.5,0.000375065186377714,0.005,0.005011251955591331,0.007516877933386997,3.0,5000.0,0.9864,0.0136,1.1812652068126521,0.7949533192596939,0.7931280009940228,0.0011125195559133143
14.5,0.000375065186377714,0.005,0.005011251955591331,0.007516877933386997,5.0,5000.0,0.9844,0.0156,1.1852905323039415,0.7949533192596939,0.7947502490330616,0.0011125195559133143
14.5,0.000375065186377714,0.005,0.005011251955591331,0.007516877933386997,7.0,5000.0,0.9872,0.0128,1.1782820097244733,0.7949533192596939,0.7949307272998586,0.0011125195559133143
15.0,0.00031485110395088306,0.005,0.005009445533118526,0.0075141682996777885,1.0,5000.0,0.9866,0.0134,1.1818366105817961,0.7949341852415936,0.7787945706722715,0.001094455331185265
15.0,0.00031485110395088306,0.005,0.005009445533118526,0.0075141682996777885,3.0,5000.0,0.9856,0.0144,1.1730925324675325,0.7949341852415938,0.7931677765207263,0.001094455331185265
15.0,0.00031485110395088306,0.005,0.005009445533118526,0.0075141682996777885,5.0,5000.0,0.9886,0.0114,1.184301031762088,0.7949341852415938,0.7947408596974332,0.001094455331185265
15.0,0.00031485110395088306,0.005,0.005009445533118526,0.0075141682996777885,7.0,5000.0,0.987,0.013,1.2004052684903748,0.7949341852415938,0.7949130266243475,0.001094455331185265
15.5,0.0002643039697085044,0.005,0.0050079291190912555,0.007511893678636883,1.0,5000.0,0.9856,0.0144,1.1775568181818181,0.7949181212754687,0.7790029947588141,0.0010792911909125514
15.5,0.0002643039697085044,0.005,0.0050079291190912555,0.007511893678636883,3.0,5000.0,0.9816,0.0184,1.180317848410758,0.7949181212754688,0.7932004156903004,0.0010792911909125514
15.5,0.0002643039697085044,0.005,0.0050079291190912555,0.007511893678636883,5.0,5000.0,0.9856,0.0144,1.1657873376623376,0.7949181212754687,0.794732730824803,0.0010792911909125514
15.5,0.0002643039697085044,0.005,0.0050079291190912555,0.007511893678636883,7.0,5000.0,0.9844,0.0156,1.188541243396993,0.7949181212754687,0.7948981122474404,0.0010792911909125514
16.0,0.0002218718229889759,0.005,0.005006656154689669,0.0075099842320345035,1.0,5000.0,0.9818,0.0182,1.188633122835608,0.7949046350117699,0.779177937826512,0.0010665615468966928
16.0,0.0002218718229889759,0.005,0.005006656154689669,0.0075099842320345035,3.0,5000.0,0.9872,0.0128,1.1867909238249594,0.7949046350117699,0.7932272859640214,0.0010665615468966928
16.0,0.0002218718229889759,0.005,0.005006656154689669,0.0075099842320345035,5.0,5000.0,0.9854,0.0146,1.1794195250659631,0.79490463501177,0.7947257354122649,0.0010665615468966928
16.0,0.0002218718229889759,0.005,0.005006656154689669,0.0075099842320345035,7.0,5000.0,0.9854,0.0146,1.170692104729044,0.79490463501177,0.7948855542684112,0.0010665615468966928
8.0,0.003648603757513078,0.01,0.010218916225450785,0.015328374338176177,1.0,5000.0,0.9702,0.0298,1.183673469387755,0.7959900699140503,0.764991309199223,0.0020945811272539234
8.0,0.003648603757513078,0.01,0.010218916225450785,0.015328374338176177,3.0,5000.0,0.9728,0.0272,1.1844161184210527,0.7959900699140503,0.7894971279978964,0.0020945811272539234
8.0,0.003648603757513078,0.01,0.010218916225450785,0.015328374338176177,5.0,5000.0,0.97,0.03,1.1779381443298969,0.7959900699140502,0.7946300705542572,0.0020945811272539234
8.0,0.003648603757513078,0.01,0.010218916225450785,0.015328374338176177,7.0,5000.0,0.9684,0.0316,1.1869062370921106,0.7959900699140503,0.7957052070148399,0.0020945811272539234
8.5,0.003062846040249265,0.01,0.010183770762414958,0.015275656143622434,1.0,5000.0,0.9672,0.0328,1.1879652605459057,0.7958050573225786,0.7674247242288572,0.0019188538120747795
8.5,0.003062846040249265,0.01,0.010183770762414958,0.015275656143622434,3.0,5000.0,0.9718,0.0282,1.1913974068738424,0.7958050573225784,0.7903592862880945,0.0019188538120747795
8.5,0.003062846040249265,0.01,0.010183770762414958,0.015275656143622434,5.0,5000.0,0.9714,0.0286,1.1865348980852377,0.7958050573225784,0.7947600934716581,0.0019188538120747795
8.5,0.003062846040249265,0.01,0.010183770762414958,0.015275656143622434,7.0,5000.0,0.97,0.03,1.1723711340206187,0.7958050573225784,0.7956045440356966,0.0019188538120747795
9.0,0.002571127612022411,0.01,0.010154267656721346,0.015231401485082017,1.0,5000.0,0.9698,0.0302,1.1884924726747783,0.7956495787300862,0.7694648078632464,0.0017713382836067233
9.0,0.002571127612022411,0.01,0.010154267656721346,0.015231401485082017,3.0,5000.0,0.969,0.031,1.1803921568627451,0.7956495787300861,0.791011370021696,0.0017713382836067233
9.0,0.002571127612022411,0.01,0.010154267656721346,0.015231401485082017,5.0,5000.0,0.9644,0.0356,1.1957693902944837,0.7956495787300861,0.7948279950648336,0.0017713382836067233
9.0,0.002571127612022411,0.01,0.010154267656721346,0.015231401485082017,7.0,5000.0,0.97,0.03,1.1830927835051546,0.7956495787300861,0.7955040484701414,0.0017713382836067233
9.5,0.00215835112520578,0.01,0.010129501067512347,0.01519425160126852,1.0,5000.0,0.9696,0.0304,1.1802805280528053,0.7955189424126646,0.7711754906638913,0.0016475053375617338
9.5,0.00215835112520578,0.01,0.010129501067512347,0.01519425160126852,3.0,5000.0,0.9752,0.0248,1.1767842493847416,0.7955189424126646,0.7915083457435866,0.0016475053375617338
9.5,0.00215835112520578,0.01,0.010129501067512347,0.01519425160126852,5.0,5000.0,0.971,0.029,1.1732234809474769,0.7955189424126646,0.7948581944707531,0.0016475053375617338
9.5,0.00215835112520578,0.01,0.010129501067512347,0.01519425160126852,7.0,5000.0,0.965,0.035,1.1809326424870465,0.7955189424126646,0.7954100838365562,0.0016475053375617338
10.0,0.00181184300533911,0.01,0.010108710580320346,0.015163065870480517,1.0,5000.0,0.9738,0.0262,1.1696446909016225,0.7954091951772986,0.772610209158511,0.001543552901601733
10.0,0.00181184300533911,0.01,0.010108710580320346,0.015163065870480517,3.0,5000.0,0.9726,0.0274,1.1721159777914867,0.7954091951772986,0.7918900510750105,0.001543552901601733
10.0,0.00181184300533911,0.01,0.010108710580320346,0.015163065870480517,5.0,5000.0,0.9732,0.0268,1.1800246609124538,0.7954091951772986,0.7948659966682744,0.001543552901601733
10.0,0.00181184300533911,0.01,0.010108710580320346,0.015163065870480517,7.0,5000.0,0.9744,0.0256,1.1853448275862069,0.7954091951772985,0.7953253496138233,0.001543552901601733
10.5,0.0015209643313634966,0.01,0.010091257859881811,0.015136886789822715,1.0,5000.0,0.9704,0.0296,1.185078318219291,0.79531700813477,0.773813658190762,0.001456289299409049
10.5,0.0015209643313634966,0.01,0.010091257859881811,0.015136886789822715,3.0,5000.0,0.9714,0.0286,1.1857113444513074,0.7953170081347701,0.7921854982922794,0.001456289299409049
10.5,0.0015209643313634966,0.01,0.010091257859881811,0.015136886789822715,5.0,5000.0,0.9726,0.0274,1.1737610528480362,0.79531700813477,0.7948609697073085,0.001456289299409049
10.5,0.0015209643313634966,0.01,0.010091257859881811,0.015136886789822715,7.0,5000.0,0.9756,0.0244,1.1779417794177942,0.79531700813477,0.795250595746567,0.001456289299409049
11.0,0.0012767841863026304,0.01,0.010076607051178157,0.015114910576767235,1.0,5000.0,0.971,0.029,1.1740473738414006,0.7952395795296051,0.774823242158414,0.0013830352558907892
11.0,0.0012767841863026304,0.01,0.010076607051178157,0.015114910576767235,3.0,5000.0,0.9714,0.0286,1.174593370393247,0.7952395795296051,0.7924159280915531,0.0013830352558907892
11.0,0.0012767841863026304,0.01,0.010076607051178157,0.015114910576767235,5.0,5000.0,0.97,0.03,1.1678350515463918,0.7952395795296051,0.794849058580688,0.0013830352558907892
11.0,0.0012767841863026304,0.01,0.010076607051178157,0.015114910576767235,7.0,5000.0,0.97,0.03,1.1861855670103092,0.7952395795296051,0.7951855691055532,0.0013830352558907892
11.5,0.0010718054491988432,0.01,0.01006430832695193,0.015096462490427894,1.0,5000.0,0.9718,0.0282,1.1907799958839267,0.79517455226706,0.7756702792499369,0.001321541634759653
11.5,0.0010718054491988432,0.01,0.01006430832695193,0.015096462490427894,3.0,5000.0,0.9706,0.0294,1.183803832680816,0.7951745522670599,0.7925969813822753,0.001321541634759653
11.5,0.0010718054491988432,0.01,0.01006430832695193,0.015096462490427894,5.0,5000.0,0.9734,0.0266,1.1695089377439902,0.79517455226706,0.7948339155429814,0.001321541634759653
11.5,0.0010718054491988432,0.01,0.01006430832695193,0.015096462490427894,7.0,5000.0,0.9712,0.0288,1.1768945634266885,0.79517455226706,0.7951295357057404,0.001321541634759653
12.0,0.000899734609228663,0.01,0.01005398407655372,0.015080976114830578,1.0,5000.0,0.974,0.026,1.1895277207392196,0.795119944044294,0.776381002429125,0.0012699203827685988
12.0,0.000899734609228663,0.01,0.01005398407655372,0.015080976114830578,3.0,5000.0,0.9708,0.0292,1.1891223733003708,0.795119944044294,0.7927402476534327,0.0012699203827685988
12.0,0.000899734609228663,0.01,0.01005398407655372,0.015080976114830578,5.0,5000.0,0.972,0.028,1.186008230452675,0.795119944044294,0.7948177415491386,0.0012699203827685988
12.0,0.000899734609228663,0.01,0.01005398407655372,0.015080976114830578,7.0,5000.0,0.974,0.026,1.1917864476386038,0.795119944044294,0.7950815667334616,0.0012699203827685988
12.5,0.0007552885345460398,0.01,0.010045317312072763,0.015067975968109144,1.0,5000.0,0.9712,0.0288,1.1795716639209226,0.7950740882501054,0.776977392702146,0.001226586560363812
12.5,0.0007552885345460398,0.01,0.010045317312072763,0.015067975968109144,3.0,5000.0,0.9732,0.0268,1.1752979860254829,0.7950740882501055,0.7928543718954931,0.001226586560363812
12.5,0.0007552885345460398,0.01,0.010045317312072763,0.015067975968109144,5.0,5000.0,0.9744,0.0256,1.1810344827586208,0.7950740882501054,0.7948018208252668,0.001226586560363812
12.5,0.0007552885345460398,0.01,0.010045317312072763,0.015067975968109144,7.0,5000.0,0.9676,0.0324,1.180446465481604,0.7950740882501055,0.795040692293692,0.001226586560363812
13.0,0.0006340322630311592,0.01,0.01003804193578187,0.015057062903672805,1.0,5000.0,0.9692,0.0308,1.1799422203879488,0.7950355840368378,0.777477873649672,0.0011902096789093478
13.0,0.0006340322630311592,0.01,0.01003804193578187,0.015057062903672805,3.0,5000.0,0.969,0.031,1.1834881320949433,0.7950355840368379,0.7929458483526088,0.0011902096789093478
13.0,0.0006340322630311592,0.01,0.01003804193578187,0.015057062903672805,5.0,5000.0,0.9714,0.0286,1.1850936792258595,0.7950355840368379,0.7947868616730647,0.0011902096789093478
13.0,0.0006340322630311592,0.01,0.01003804193578187,0.015057062903672805,7.0,5000.0,0.9732,0.0268,1.172215371968763,0.7950355840368379,0.7950059808603654,0.0011902096789093478
13.5,0.0005322428345956954,0.01,0.010031934570075743,0.015047901855113613,1.0,5000.0,0.9698,0.0302,1.1845741389977316,0.795003254185227,0.7778978909526281,0.0011596728503787087
13.5,0.0005322428345956954,0.01,0.010031934570075743,0.015047901855113613,3.0,5000.0,0.9684,0.0316,1.184634448574969,0.7950032541852269,0.7930195916515556,0.0011596728503787087
13.5,0.0005322428345956954,0.01,0.010031934570075743,0.015047901855113613,5.0,5000.0,0.968,0.032,1.1735537190082646,0.7950032541852269,0.7947732142267655,0.0011596728503787087
13.5,0.0005322428345956954,0.01,0.010031934570075743,0.015047901855113613,7.0,5000.0,0.97,0.03,1.1701030927835052,0.7950032541852269,0.7949765770757936,0.0011596728503787087
14.0,0.00044679498425546064,0.01,0.010026807699055326,0.01504021154858299,1.0,5000.0,0.9682,0.0318,1.1790952282586242,0.7949761095768483,0.7782503964044939,0.0011340384952766383
14.0,0.00044679498425546064,0.01,0.010026807699055326,0.01504021154858299,3.0,5000.0,0.9702,0.0298,1.1805813234384663,0.7949761095768482,0.7930793493170079,0.0011340384952766383
14.0,0.00044679498425546064,0.01,0.010026807699055326,0.01504021154858299,5.0,5000.0,0.9682,0.0318,1.1875645527783516,0.7949761095768483,0.7947610096617514,0.0011340384952766383
14.0,0.00044679498425546064,0.01,0.010026807699055326,0.01504021154858299,7.0,5000.0,0.9664,0.0336,1.1912251655629138,0.7949761095768482,0.7949517164184434,0.0011340384952766383
14.5,0.000375065186377714,0.01,0.010022503911182663,0.015033755866773994,1.0,5000.0,0.9686,0.0314,1.1905843485442906,0.7949533192596939,0.7785462524717965,0.0011125195559133143
14.5,0.000375065186377714,0.01,0.010022503911182663,0.015033755866773994,3.0,5000.0,0.969,0.031,1.1803921568627451,0.7949533192596938,0.7931280009940229,0.0011125195559133143
14.5,0.000375065186377714,0.01,0.010022503911182663,0.015033755866773994,5.0,5000.0,0.9692,0.0308,1.1820057779612052,0.7949533192596938,0.7947502490330614,0.0011125195559133143
14.5,0.000375065186377714,0.01,0.010022503911182663,0.015033755866773994,7.0,5000.0,0.9702,0.0298,1.1875901875901875,0.7949533192596938,0.7949307272998586,0.0011125195559133143
15.0,0.00031485110395088306,0.01,0.010018891066237053,0.015028336599355577,1.0,5000.0,0.9684,0.0316,1.1753407682775712,0.7949341852415938,0.7787945706722715,0.001094455331185265
15.0,0.00031485110395088306,0.01,0.010018891066237053,0.015028336599355577,3.0,5000.0,0.9712,0.0288,1.1855436573311366,0.7949341852415938,0.7931677765207265,0.001094455331185265
15.0,0.00031485110395088306,0.01,0.010018891066237053,0.015028336599355577,5.0,5000.0,0.9654,0.0346,1.170913610938471,0.7949341852415938,0.7947408596974331,0.001094455331185265
15.0,0.00031485110395088306,0.01,0.010018891066237053,0.015028336599355577,7.0,5000.0,0.9718,0.0282,1.1817246346984975,0.7949341852415936,0.7949130266243475,0.001094455331185265
15.5,0.0002643039697085044,0.01,0.010015858238182511,0.015023787357273766,1.0,5000.0,0.9714,0.0286,1.1782993617459336,0.7949181212754687,0.7790029947588141,0.0010792911909125514
15.5,0.0002643039697085044,0.01,0.010015858238182511,0.015023787357273766,3.0,5000.0,0.974,0.026,1.1874743326488706,0.7949181212754687,0.7932004156903003,0.0010792911909125514
15.5,0.0002643039697085044,0.01,0.010015858238182511,0.015023787357273766,5.0,5000.0,0.9652,0.0348,1.180687940323249,0.7949181212754688,0.7947327308248031,0.0010792911909125514
15.5,0.0002643039697085044,0.01,0.010015858238182511,0.015023787357273766,7.0,5000.0,0.9668,0.0332,1.181836988001655,0.7949181212754687,0.7948981122474406,0.0010792911909125514
16.0,0.0002218718229889759,0.01,0.010013312309379338,0.015019968464069007,1.0,5000.0,0.9682,0.0318,1.167733939268746,0.79490463501177,0.7791779378265121,0.0010665615468966928
16.0,0.0002218718229889759,0.01,0.010013312309379338,0.015019968464069007,3.0,5000.0,0.9706,0.0294,1.1819493097053368,0.7949046350117701,0.7932272859640214,0.0010665615468966928
16.0,0.0002218718229889759,0.01,0.010013312309379338,0.015019968464069007,5.0,5000.0,0.9704,0.0296,1.1941467436108821,0.7949046350117701,0.7947257354122649,0.0010665615468966928
16.0,0.0002218718229889759,0.01,0.010013312309379338,0.015019968464069007,7.0,5000.0,0.9704,0.0296,1.1737427864798022,0.7949046350117701,0.7948855542684113,0.0010665615468966928
8.0,0.003648603757513078,0.015,0.015328374338176177,0.022992561507264263,1.0,5000.0,0.957,0.043,1.174921630094044,0.7959900699140502,0.764991309199223,0.0020945811272539234
8.0,0.003648603757513078,0.015,0.015328374338176177,0.022992561507264263,3.0,5000.0,0.9534,0.0466,1.1856513530522341,0.7959900699140502,0.7894971279978963,0.0020945811272539234
8.0,0.003648603757513078,0.015,0.015328374338176177,0.022992561507264263,5.0,5000.0,0.9534,0.0466,1.1640444724145165,0.7959900699140502,0.7946300705542573,0.0020945811272539234
8.0,0.003648603757513078,0.015,0.015328374338176177,0.022992561507264263,7.0,5000.0,0.9566,0.0434,1.1804306920342882,0.7959900699140503,0.7957052070148399,0.0020945811272539234
8.5,0.003062846040249265,0.015,0.015275656143622434,0.02291348421543365,1.0,5000.0,0.9554,0.0446,1.1894494452585305,0.7958050573225784,0.7674247242288573,0.0019188538120747795
8.5,0.003062846040249265,0.015,0.015275656143622434,0.02291348421543365,3.0,5000.0,0.9516,0.0484,1.1740226986128626,0.7958050573225784,0.7903592862880945,0.0019188538120747795
8.5,0.003062846040249265,0.015,0.015275656143622434,0.02291348421543365,5.0,5000.0,0.954,0.046,1.1754716981132076,0.7958050573225784,0.7947600934716581,0.0019188538120747795
8.5,0.003062846040249265,0.015,0.015275656143622434,0.02291348421543365,7.0,5000.0,0.9538,0.0462,1.1633466135458168,0.7958050573225784,0.7956045440356966,0.0019188538120747795
9.0,0.002571127612022411,0.015,0.015231401485082017,0.022847102227623026,1.0,5000.0,0.9572,0.0428,1.183660676974509,0.7956495787300862,0.7694648078632464,0.0017713382836067233
9.0,0.002571127612022411,0.015,0.015231401485082017,0.022847102227623026,3.0,5000.0,0.951,0.049,1.1785488958990535,0.7956495787300862,0.7910113700216961,0.0017713382836067233
9.0,0.002571127612022411,0.015,0.015231401485082017,0.022847102227623026,5.0,5000.0,0.9556,0.0444,1.1837588949351192,0.7956495787300862,0.7948279950648335,0.0017713382836067233
9.0,0.002571127612022411,0.015,0.015231401485082017,0.022847102227623026,7.0,5000.0,0.9594,0.0406,1.1830310610798416,0.7956495787300862,0.7955040484701413,0.0017713382836067233
9.5,0.00215835112520578,0.015,0.01519425160126852,0.02279137740190278,1.0,5000.0,0.9562,0.0438,1.1890817820539636,0.7955189424126646,0.7711754906638912,0.0016475053375617338
9.5,0.00215835112520578,0.015,0.01519425160126852,0.02279137740190278,3.0,5000.0,0.9574,0.0426,1.1706705661165657,0.7955189424126646,0.7915083457435865,0.0016475053375617338
9.5,0.00215835112520578,0.015,0.01519425160126852,0.02279137740190278,5.0,5000.0,0.9594,0.0406,1.1749009797790286,0.7955189424126646,0.7948581944707531,0.0016475053375617338
9.5,0.00215835112520578,0.015,0.01519425160126852,0.02279137740190278,7.0,5000.0,0.9548,0.0452,1.1786761625471303,0.7955189424126646,0.7954100838365563,0.0016475053375617338
10.0,0.00181184300533911,0.015,0.015163065870480517,0.022744598805720776,1.0,5000.0,0.955,0.045,1.1727748691099475,0.7954091951772985,0.772610209158511,0.001543552901601733
10.0,0.00181184300533911,0.015,0.015163065870480517,0.022744598805720776,3.0,5000.0,0.9528,0.0472,1.1735936188077245,0.7954091951772986,0.7918900510750106,0.001543552901601733
10.0,0.00181184300533911,0.015,0.015163065870480517,0.022744598805720776,5.0,5000.0,0.953,0.047,1.1735571878279119,0.7954091951772985,0.7948659966682744,0.001543552901601733
10.0,0.00181184300533911,0.015,0.015163065870480517,0.022744598805720776,7.0,5000.0,0.9582,0.0418,1.184721352536005,0.7954091951772985,0.7953253496138233,0.001543552901601733
10.5,0.0015209643313634966,0.015,0.015136886789822715,0.02270533018473407,1.0,5000.0,0.9536,0.0464,1.1726090604026846,0.79531700813477,0.7738136581907621,0.001456289299409049
10.5,0.0015209643313634966,0.015,0.015136886789822715,0.02270533018473407,3.0,5000.0,0.9542,0.0458,1.1618109411024942,0.79531700813477,0.7921854982922792,0.001456289299409049
10.5,0.0015209643313634966,0.015,0.015136886789822715,0.02270533018473407,5.0,5000.0,0.9524,0.0476,1.1759764804703905,0.7953170081347701,0.7948609697073086,0.001456289299409049
10.5,0.0015209643313634966,0.015,0.015136886789822715,0.02270533018473407,7.0,5000.0,0.9546,0.0454,1.1808087156924367,0.79531700813477,0.795250595746567,0.001456289299409049
11.0,0.0012767841863026304,0.015,0.015114910576767235,0.022672365865150854,1.0,5000.0,0.9574,0.0426,1.168790474200961,0.7952395795296051,0.7748232421584139,0.0013830352558907892
11.0,0.0012767841863026304,0.015,0.015114910576767235,0.022672365865150854,3.0,5000.0,0.958,0.042,1.1774530271398747,0.7952395795296051,0.7924159280915531,0.0013830352558907892
11.0,0.0012767841863026304,0.015,0.015114910576767235,0.022672365865150854,5.0,5000.0,0.9556,0.0444,1.182084554206781,0.7952395795296051,0.7948490585806879,0.0013830352558907892
11.0,0.0012767841863026304,0.015,0.015114910576767235,0.022672365865150854,7.0,5000.0,0.953,0.047,1.1729275970619097,0.7952395795296051,0.7951855691055532,0.0013830352558907892
11.5,0.0010718054491988432,0.015,0.015096462490427894,0.02264469373564184,1.0,5000.0,0.955,0.045,1.1786387434554975,0.79517455226706,0.7756702792499368,0.001321541634759653
11.5,0.0010718054491988432,0.015,0.015096462490427894,0.02264469373564184,3.0,5000.0,0.9562,0.0438,1.1702572683539008,0.7951745522670599,0.7925969813822754,0.001321541634759653
11.5,0.0010718054491988432,0.015,0.015096462490427894,0.02264469373564184,5.0,5000.0,0.958,0.042,1.1747390396659707,0.79517455226706,0.7948339155429814,0.001321541634759653
11.5,0.0010718054491988432,0.015,0.015096462490427894,0.02264469373564184,7.0,5000.0,0.9562,0.0438,1.183852750470613,0.7951745522670599,0.7951295357057403,0.001321541634759653
12.0,0.000899734609228663,0.015,0.015080976114830578,0.022621464172245868,1.0,5000.0,0.953,0.047,1.175865687303253,0.795119944044294,0.776381002429125,0.0012699203827685988
12.0,0.000899734609228663,0.015,0.015080976114830578,0.022621464172245868,3.0,5000.0,0.9576,0.0424,1.1808688387635755,0.795119944044294,0.7927402476534325,0.0012699203827685988
12.0,0.000899734609228663,0.015,0.015080976114830578,0.022621464172245868,5.0,5000.0,0.959,0.041,1.1764337851929092,0.7951199440442939,0.7948177415491385,0.0012699203827685988
12.0,0.000899734609228663,0.015,0.015080976114830578,0.022621464172245868,7.0,5000.0,0.9564,0.0436,1.1750313676286073,0.7951199440442939,0.7950815667334618,0.0012699203827685988
12.5,0.0007552885345460398,0.015,0.015067975968109144,0.02260196395216372,1.0,5000.0,0.9594,0.0406,1.180737961225766,0.7950740882501055,0.776977392702146,0.001226586560363812
12.5,0.0007552885345460398,0.015,0.015067975968109144,0.02260196395216372,3.0,5000.0,0.9544,0.0456,1.1668063704945515,0.7950740882501054,0.7928543718954931,0.001226586560363812
12.5,0.0007552885345460398,0.015,0.015067975968109144,0.02260196395216372,5.0,5000.0,0.9592,0.0408,1.1743119266055047,0.7950740882501054,0.7948018208252667,0.001226586560363812
12.5,0.0007552885345460398,0.015,0.015067975968109144,0.02260196395216372,7.0,5000.0,0.9498,0.0502,1.1869867340492735,0.7950740882501054,0.7950406922936921,0.001226586560363812
13.0,0.0006340322630311592,0.015,0.015057062903672805,0.022585594355509206,1.0,5000.0,0.9554,0.0446,1.1735398785848858,0.7950355840368379,0.777477873649672,0.0011902096789093478
13.0,0.0006340322630311592,0.015,0.015057062903672805,0.022585594355509206,3.0,5000.0,0.9566,0.0434,1.177712732594606,0.7950355840368379,0.792945848352609,0.0011902096789093478
13.0,0.0006340322630311592,0.015,0.015057062903672805,0.022585594355509206,5.0,5000.0,0.9554,0.0446,1.1863093992045217,0.7950355840368379,0.7947868616730648,0.0011902096789093478
13.0,0.0006340322630311592,0.015,0.015057062903672805,0.022585594355509206,7.0,5000.0,0.9532,0.0468,1.1800251783466218,0.7950355840368378,0.7950059808603656,0.0011902096789093478
13.5,0.0005322428345956954,0.015,0.015047901855113613,0.022571852782670418,1.0,5000.0,0.9526,0.0474,1.1717404996850724,0.7950032541852269,0.7778978909526281,0.0011596728503787087
13.5,0.0005322428345956954,0.015,0.015047901855113613,0.022571852782670418,3.0,5000.0,0.9552,0.0448,1.164572864321608,0.7950032541852269,0.7930195916515556,0.0011596728503787087
13.5,0.0005322428345956954,0.015,0.015047901855113613,0.022571852782670418,5.0,5000.0,0.956,0.044,1.1794979079497907,0.7950032541852269,0.7947732142267655,0.0011596728503787087
13.5,0.0005322428345956954,0.015,0.015047901855113613,0.022571852782670418,7.0,5000.0,0.9574,0.0426,1.1754752454564446,0.7950032541852269,0.7949765770757936,0.0011596728503787087
14.0,0.00044679498425546064,0.015,0.01504021154858299,0.022560317322874484,1.0,5000.0,0.957,0.043,1.1671891327063741,0.7949761095768482,0.7782503964044939,0.0011340384952766383
14.0,0.00044679498425546064,0.015,0.01504021154858299,0.022560317322874484,3.0,5000.0,0.9564,0.0436,1.176913425345044,0.7949761095768482,0.7930793493170081,0.0011340384952766383
14.0,0.00044679498425546064,0.015,0.01504021154858299,0.022560317322874484,5.0,5000.0,0.9602,0.0398,1.1753801291397625,0.7949761095768482,0.7947610096617514,0.0011340384952766383
14.0,0.00044679498425546064,0.015,0.01504021154858299,0.022560317322874484,7.0,5000.0,0.9566,0.0434,1.1722768137152415,0.7949761095768482,0.7949517164184435,0.0011340384952766383
14.5,0.000375065186377714,0.015,0.015033755866773994,0.02255063380016099,1.0,5000.0,0.9608,0.0392,1.180474604496253,0.7949533192596939,0.7785462524717967,0.0011125195559133143
14.5,0.000375065186377714,0.015,0.015033755866773994,0.02255063380016099,3.0,5000.0,0.9606,0.0394,1.1909223402040392,0.7949533192596938,0.7931280009940228,0.0011125195559133143
14.5,0.000375065186377714,0.015,0.015033755866773994,0.02255063380016099,5.0,5000.0,0.9554,0.0446,1.1783546158676994,0.7949533192596939,0.7947502490330615,0.0011125195559133143
14.5,0.000375065186377714,0.015,0.015033755866773994,0.02255063380016099,7.0,5000.0,0.9524,0.0476,1.1751364972700546,0.7949533192596939,0.7949307272998586,0.0011125195559133143
15.0,0.00031485110395088306,0.015,0.015028336599355577,0.022542504899033367,1.0,5000.0,0.954,0.046,1.1748427672955974,0.7949341852415938,0.7787945706722715,0.001094455331185265
15.0,0.00031485110395088306,0.015,0.015028336599355577,0.022542504899033367,3.0,5000.0,0.9588,0.0412,1.1725073007926574,0.7949341852415938,0.7931677765207265,0.001094455331185265
15.0,0.00031485110395088306,0.015,0.015028336599355577,0.022542504899033367,5.0,5000.0,0.9562,0.0438,1.1692114620372307,0.7949341852415938,0.7947408596974331,0.001094455331185265
15.0,0.00031485110395088306,0.015,0.015028336599355577,0.022542504899033367,7.0,5000.0,0.9558,0.0442,1.1810002092487968,0.7949341852415938,0.7949130266243475,0.001094455331185265
15.5,0.0002643039697085044,0.015,0.015023787357273766,0.022535681035910648,1.0,5000.0,0.9508,0.0492,1.1693310896087505,0.7949181212754687,0.7790029947588141,0.0010792911909125514
15.5,0.0002643039697085044,0.015,0.015023787357273766,0.022535681035910648,3.0,5000.0,0.9586,0.0414,1.1760901314416858,0.7949181212754687,0.7932004156903004,0.0010792911909125514
15.5,0.0002643039697085044,0.015,0.015023787357273766,0.022535681035910648,5.0,5000.0,0.9572,0.0428,1.184705390722942,0.7949181212754687,0.7947327308248031,0.0010792911909125514
15.5,0.0002643039697085044,0.015,0.015023787357273766,0.022535681035910648,7.0,5000.0,0.9602,0.0398,1.1745469693813788,0.7949181212754687,0.7948981122474404,0.0010792911909125514
16.0,0.0002218718229889759,0.015,0.015019968464069007,0.02252995269610351,1.0,5000.0,0.956,0.044,1.1757322175732217,0.79490463501177,0.779177937826512,0.0010665615468966928
16.0,0.0002218718229889759,0.015,0.015019968464069007,0.02252995269610351,3.0,5000.0,0.9568,0.0432,1.1787207357859533,0.7949046350117701,0.7932272859640215,0.0010665615468966928
16.0,0.0002218718229889759,0.015,0.015019968464069007,0.02252995269610351,5.0,5000.0,0.9532,0.0468,1.1863197650020982,0.79490463501177,0.794725735412265,0.0010665615468966928
16.0,0.0002218718229889759,0.015,0.015019968464069007,0.02252995269610351,7.0,5000.0,0.9594,0.0406,1.1805294976026683,0.79490463501177,0.7948855542684112,0.0010665615468966928
8.0,0.003648603757513078,0.02,0.02043783245090157,0.030656748676352354,1.0,5000.0,0.939,0.061,1.1908413205537807,0.7959900699140503,0.7649913091992231,0.0020945811272539234
8.0,0.003648603757513078,0.02,0.02043783245090157,0.030656748676352354,3.0,5000.0,0.9412,0.0588,1.1833829154271143,0.7959900699140502,0.7894971279978964,0.0020945811272539234
8.0,0.003648603757513078,0.02,0.02043783245090157,0.030656748676352354,5.0,5000.0,0.9426,0.0574,1.18438361977509,0.7959900699140502,0.7946300705542573,0.0020945811272539234
8.0,0.003648603757513078,0.02,0.02043783245090157,0.030656748676352354,7.0,5000.0,0.9426,0.0574,1.1956291109696584,0.7959900699140502,0.7957052070148399,0.0020945811272539234
8.5,0.003062846040249265,0.02,0.020367541524829915,0.030551312287244867,1.0,5000.0,0.945,0.055,1.1688888888888889,0.7958050573225784,0.7674247242288573,0.0019188538120747795
8.5,0.003062846040249265,0.02,0.020367541524829915,0.030551312287244867,3.0,5000.0,0.944,0.056,1.1832627118644068,0.7958050573225784,0.7903592862880945,0.0019188538120747795
8.5,0.003062846040249265,0.02,0.020367541524829915,0.030551312287244867,5.0,5000.0,0.9466,0.0534,1.1743080498626663,0.7958050573225784,0.794760093471658,0.0019188538120747795
8.5,0.003062846040249265,0.02,0.020367541524829915,0.030551312287244867,7.0,5000.0,0.9436,0.0564,1.1723187791437049,0.7958050573225784,0.7956045440356966,0.0019188538120747795
9.0,0.002571127612022411,0.02,0.02030853531344269,0.030462802970164033,1.0,5000.0,0.9406,0.0594,1.1692536678715713,0.7956495787300861,0.7694648078632466,0.0017713382836067233
9.0,0.002571127612022411,0.02,0.02030853531344269,0.030462802970164033,3.0,5000.0,0.9392,0.0608,1.1752555366269166,0.7956495787300861,0.791011370021696,0.0017713382836067233
9.0,0.002571127612022411,0.02,0.02030853531344269,0.030462802970164033,5.0,5000.0,0.9418,0.0582,1.183053726905925,0.7956495787300861,0.7948279950648335,0.0017713382836067233
9.0,0.002571127612022411,0.02,0.02030853531344269,0.030462802970164033,7.0,5000.0,0.9464,0.0536,1.1901944209636517,0.7956495787300862,0.7955040484701414,0.0017713382836067233
9.5,0.00215835112520578,0.02,0.020259002135024694,0.03038850320253704,1.0,5000.0,0.9386,0.0614,1.1668442360963136,0.7955189424126647,0.7711754906638912,0.0016475053375617338
9.5,0.00215835112520578,0.02,0.020259002135024694,0.03038850320253704,3.0,5000.0,0.9412,0.0588,1.1795580110497237,0.7955189424126646,0.7915083457435866,0.0016475053375617338
9.5,0.00215835112520578,0.02,0.020259002135024694,0.03038850320253704,5.0,5000.0,0.9412,0.0588,1.1799830004249894,0.7955189424126646,0.794858194470753,0.0016475053375617338
9.5,0.00215835112520578,0.02,0.020259002135024694,0.03038850320253704,7.0,5000.0,0.9424,0.0576,1.1899405772495755,0.7955189424126647,0.7954100838365563,0.0016475053375617338
10.0,0.00181184300533911,0.02,0.02021742116064069,0.030326131740961035,1.0,5000.0,0.9388,0.0612,1.176182360460162,0.7954091951772985,0.7726102091585111,0.001543552901601733
10.0,0.00181184300533911,0.02,0.02021742116064069,0.030326131740961035,3.0,5000.0,0.9424,0.0576,1.1791171477079796,0.7954091951772986,0.7918900510750105,0.001543552901601733
10.0,0.00181184300533911,0.02,0.02021742116064069,0.030326131740961035,5.0,5000.0,0.9416,0.0584,1.1801189464740867,0.7954091951772985,0.7948659966682744,0.001543552901601733
10.0,0.00181184300533911,0.02,0.02021742116064069,0.030326131740961035,7.0,5000.0,0.9446,0.0554,1.1833580351471522,0.7954091951772985,0.7953253496138233,0.001543552901601733
10.5,0.0015209643313634966,0.02,0.020182515719763622,0.03027377357964543,1.0,5000.0,0.9456,0.0544,1.1808375634517767,0.79531700813477,0.7738136581907621,0.001456289299409049
10.5,0.0015209643313634966,0.02,0.020182515719763622,0.03027377357964543,3.0,5000.0,0.9378,0.0622,1.18127532522926,0.79531700813477,0.7921854982922794,0.001456289299409049
10.5,0.0015209643313634966,0.02,0.020182515719763622,0.03027377357964543,5.0,5000.0,0.9396,0.0604,1.176458067262665,0.79531700813477,0.7948609697073085,0.001456289299409049
10.5,0.0015209643313634966,0.02,0.020182515719763622,0.03027377357964543,7.0,5000.0,0.9416,0.0584,1.177357689039932,0.79531700813477,0.7952505957465671,0.001456289299409049
11.0,0.0012767841863026304,0.02,0.020153214102356314,0.03022982115353447,1.0,5000.0,0.9464,0.0536,1.1794167371090447,0.7952395795296051,0.7748232421584139,0.0013830352558907892
11.0,0.0012767841863026304,0.02,0.020153214102356314,0.03022982115353447,3.0,5000.0,0.9446,0.0554,1.1846284141435528,0.7952395795296051,0.7924159280915531,0.0013830352558907892
11.0,0.0012767841863026304,0.02,0.020153214102356314,0.03022982115353447,5.0,5000.0,0.9394,0.0606,1.1854375133063657,0.7952395795296051,0.7948490585806879,0.0013830352558907892
11.0,0.0012767841863026304,0.02,0.020153214102356314,0.03022982115353447,7.0,5000.0,0.9434,0.0566,1.1702353190587238,0.7952395795296051,0.7951855691055532,0.0013830352558907892
11.5,0.0010718054491988432,0.02,0.02012861665390386,0.03019292498085579,1.0,5000.0,0.9402,0.0598,1.1667730270155285,0.79517455226706,0.7756702792499369,0.001321541634759653
11.5,0.0010718054491988432,0.02,0.02012861665390386,0.03019292498085579,3.0,5000.0,0.9428,0.0572,1.1726771319473908,0.7951745522670601,0.7925969813822754,0.001321541634759653
11.5,0.0010718054491988432,0.02,0.02012861665390386,0.03019292498085579,5.0,5000.0,0.9404,0.0596,1.1726924712888134,0.79517455226706,0.7948339155429814,0.001321541634759653
11.5,0.0010718054491988432,0.02,0.02012861665390386,0.03019292498085579,7.0,5000.0,0.9316,0.0684,1.1747531129240016,0.79517455226706,0.7951295357057403,0.001321541634759653
12.0,0.000899734609228663,0.02,0.02010796815310744,0.030161952229661157,1.0,5000.0,0.9432,0.0568,1.1776929601357082,0.7951199440442939,0.7763810024291251,0.0012699203827685988
12.0,0.000899734609228663,0.02,0.02010796815310744,0.030161952229661157,3.0,5000.0,0.941,0.059,1.1742826780021254,0.795119944044294,0.7927402476534327,0.0012699203827685988
12.0,0.000899734609228663,0.02,0.02010796815310744,0.030161952229661157,5.0,5000.0,0.9394,0.0606,1.1730892058760911,0.795119944044294,0.7948177415491385,0.0012699203827685988
12.0,0.000899734609228663,0.02,0.02010796815310744,0.030161952229661157,7.0,5000.0,0.9448,0.0552,1.1790855207451312,0.795119944044294,0.7950815667334618,0.0012699203827685988
12.5,0.0007552885345460398,0.02,0.020090634624145527,0.030135951936218288,1.0,5000.0,0.94,0.06,1.1772340425531915,0.7950740882501055,0.776977392702146,0.001226586560363812
12.5,0.0007552885345460398,0.02,0.020090634624145527,0.030135951936218288,3.0,5000.0,0.942,0.058,1.18067940552017,0.7950740882501055,0.7928543718954932,0.001226586560363812
12.5,0.0007552885345460398,0.02,0.020090634624145527,0.030135951936218288,5.0,5000.0,0.9426,0.0574,1.173138128580522,0.7950740882501055,0.7948018208252667,0.001226586560363812
12.5,0.0007552885345460398,0.02,0.020090634624145527,0.030135951936218288,7.0,5000.0,0.943,0.057,1.1722163308589608,0.7950740882501055,0.7950406922936921,0.001226586560363812
13.0,0.0006340322630311592,0.02,0.02007608387156374,0.03011412580734561,1.0,5000.0,0.9448,0.0552,1.1672311600338696,0.7950355840368379,0.777477873649672,0.0011902096789093478
13.0,0.0006340322630311592,0.02,0.02007608387156374,0.03011412580734561,3.0,5000.0,0.9398,0.0602,1.1700361779101938,0.7950355840368378,0.7929458483526088,0.0011902096789093478
13.0,0.0006340322630311592,0.02,0.02007608387156374,0.03011412580734561,5.0,5000.0,0.9444,0.0556,1.1891147818720882,0.7950355840368379,0.7947868616730647,0.0011902096789093478
13.0,0.0006340322630311592,0.02,0.02007608387156374,0.03011412580734561,7.0,5000.0,0.941,0.059,1.1742826780021254,0.7950355840368378,0.7950059808603656,0.0011902096789093478
13.5,0.0005322428345956954,0.02,0.020063869140151486,0.030095803710227225,1.0,5000.0,0.9372,0.0628,1.16880068288519,0.7950032541852269,0.7778978909526281,0.0011596728503787087
13.5,0.0005322428345956954,0.02,0.020063869140151486,0.030095803710227225,3.0,5000.0,0.9422,0.0578,1.1821269369560603,0.7950032541852269,0.7930195916515554,0.0011596728503787087
13.5,0.0005322428345956954,0.02,0.020063869140151486,0.030095803710227225,5.0,5000.0,0.944,0.056,1.182415254237288,0.7950032541852269,0.7947732142267655,0.0011596728503787087
13.5,0.0005322428345956954,0.02,0.020063869140151486,0.030095803710227225,7.0,5000.0,0.9364,0.0636,1.1751388295600171,0.7950032541852269,0.7949765770757936,0.0011596728503787087
14.0,0.00044679498425546064,0.02,0.020053615398110652,0.03008042309716598,1.0,5000.0,0.9448,0.0552,1.1663844199830653,0.7949761095768483,0.778250396404494,0.0011340384952766383
14.0,0.00044679498425546064,0.02,0.020053615398110652,0.03008042309716598,3.0,5000.0,0.9428,0.0572,1.170343657191345,0.7949761095768483,0.7930793493170079,0.0011340384952766383
14.0,0.00044679498425546064,0.02,0.020053615398110652,0.03008042309716598,5.0,5000.0,0.9418,0.0582,1.1749840730516032,0.7949761095768483,0.7947610096617516,0.0011340384952766383
14.0,0.00044679498425546064,0.02,0.020053615398110652,0.03008042309716598,7.0,5000.0,0.9394,0.0606,1.17479242069406,0.7949761095768484,0.7949517164184435,0.0011340384952766383
14.5,0.000375065186377714,0.02,0.020045007822365325,0.030067511733547988,1.0,5000.0,0.9424,0.0576,1.1733870967741935,0.7949533192596939,0.7785462524717967,0.0011125195559133143
14.5,0.000375065186377714,0.02,0.020045007822365325,0.030067511733547988,3.0,5000.0,0.948,0.052,1.168565400843882,0.7949533192596939,0.7931280009940228,0.0011125195559133143
14.5,0.000375065186377714,0.02,0.020045007822365325,0.030067511733547988,5.0,5000.0,0.9454,0.0546,1.1785487624286017,0.794953319259694,0.7947502490330615,0.0011125195559133143
14.5,0.000375065186377714,0.02,0.020045007822365325,0.030067511733547988,7.0,5000.0,0.9458,0.0542,1.1742440262211884,0.7949533192596939,0.7949307272998586,0.0011125195559133143
15.0,0.00031485110395088306,0.02,0.020037782132474105,0.030056673198711154,1.0,5000.0,0.9458,0.0542,1.1917953055614294,0.7949341852415936,0.7787945706722715,0.001094455331185265
15.0,0.00031485110395088306,0.02,0.020037782132474105,0.030056673198711154,3.0,5000.0,0.9414,0.0586,1.185043552156363,0.7949341852415936,0.7931677765207265,0.001094455331185265
15.0,0.00031485110395088306,0.02,0.020037782132474105,0.030056673198711154,5.0,5000.0,0.9446,0.0554,1.1649375396993435,0.7949341852415938,0.7947408596974331,0.001094455331185265
15.0,0.00031485110395088306,0.02,0.020037782132474105,0.030056673198711154,7.0,5000.0,0.9416,0.0584,1.1790569243840272,0.7949341852415936,0.7949130266243474,0.001094455331185265
15.5,0.0002643039697085044,0.02,0.020031716476365022,0.030047574714547533,1.0,5000.0,0.9446,0.0554,1.1803938174888842,0.7949181212754687,0.7790029947588142,0.0010792911909125514
15.5,0.0002643039697085044,0.02,0.020031716476365022,0.030047574714547533,3.0,5000.0,0.9442,0.0558,1.1696674433382759,0.7949181212754687,0.7932004156903003,0.0010792911909125514
15.5,0.0002643039697085044,0.02,0.020031716476365022,0.030047574714547533,5.0,5000.0,0.9436,0.0564,1.1774056803730395,0.7949181212754687,0.7947327308248031,0.0010792911909125514
15.5,0.0002643039697085044,0.02,0.020031716476365022,0.030047574714547533,7.0,5000.0,0.9482,0.0518,1.1689516979540182,0.7949181212754687,0.7948981122474406,0.0010792911909125514
16.0,0.0002218718229889759,0.02,0.020026624618758676,0.030039936928138014,1.0,5000.0,0.941,0.059,1.1744952178533474,0.79490463501177,0.779177937826512,0.0010665615468966928
16.0,0.0002218718229889759,0.02,0.020026624618758676,0.030039936928138014,3.0,5000.0,0.9388,0.0612,1.181934384320409,0.7949046350117701,0.7932272859640214,0.0010665615468966928
16.0,0.0002218718229889759,0.02,0.020026624618758676,0.030039936928138014,5.0,5000.0,0.9388,0.0612,1.1736259054111633,0.7949046350117701,0.7947257354122649,0.0010665615468966928
16.0,0.0002218718229889759,0.02,0.020026624618758676,0.030039936928138014,7.0,5000.0,0.9444,0.0556,1.182549767047861,0.79490463501177,0.7948855542684112,0.0010665615468966928
8.0,0.003648603757513078,0.025,0.025547290563626965,0.03832093584544045,1.0,5000.0,0.9186,0.0814,1.1691704768125408,0.7959900699140502,0.7649913091992231,0.0020945811272539234
8.0,0.003648603757513078,0.025,0.025547290563626965,0.03832093584544045,3.0,5000.0,0.9176,0.0824,1.1850479511769834,0.7959900699140501,0.7894971279978964,0.0020945811272539234
8.0,0.003648603757513078,0.025,0.025547290563626965,0.03832093584544045,5.0,5000.0,0.9316,0.0684,1.167453842851009,0.7959900699140502,0.7946300705542572,0.0020945811272539234
8.0,0.003648603757513078,0.025,0.025547290563626965,0.03832093584544045,7.0,5000.0,0.928,0.072,1.1754310344827585,0.7959900699140502,0.7957052070148398,0.0020945811272539234
8.5,0.003062846040249265,0.025,0.02545942690603739,0.038189140359056094,1.0,5000.0,0.9266,0.0734,1.178717893373624,0.7958050573225783,0.7674247242288573,0.0019188538120747795
8.5,0.003062846040249265,0.025,0.02545942690603739,0.038189140359056094,3.0,5000.0,0.9224,0.0776,1.164570685169124,0.7958050573225784,0.7903592862880946,0.0019188538120747795
8.5,0.003062846040249265,0.025,0.02545942690603739,0.038189140359056094,5.0,5000.0,0.9234,0.0766,1.1678579163959282,0.7958050573225786,0.794760093471658,0.0019188538120747795
8.5,0.003062846040249265,0.025,0.02545942690603739,0.038189140359056094,7.0,5000.0,0.9284,0.0716,1.1695389918138734,0.7958050573225783,0.7956045440356966,0.0019188538120747795
9.0,0.002571127612022411,0.025,0.025385669141803364,0.03807850371270505,1.0,5000.0,0.9204,0.0796,1.1844850065189048,0.7956495787300862,0.7694648078632464,0.0017713382836067233
9.0,0.002571127612022411,0.025,0.025385669141803364,0.03807850371270505,3.0,5000.0,0.9208,0.0792,1.171372719374457,0.7956495787300862,0.791011370021696,0.0017713382836067233
9.0,0.002571127612022411,0.025,0.025385669141803364,0.03807850371270505,5.0,5000.0,0.9248,0.0752,1.1786332179930796,0.7956495787300862,0.7948279950648335,0.0017713382836067233
9.0,0.002571127612022411,0.025,0.025385669141803364,0.03807850371270505,7.0,5000.0,0.9204,0.0796,1.1747066492829206,0.7956495787300862,0.7955040484701413,0.0017713382836067233
9.5,0.00215835112520578,0.025,0.02532375266878087,0.03798562900317131,1.0,5000.0,0.9272,0.0728,1.1660914581535806,0.7955189424126647,0.7711754906638913,0.0016475053375617338
9.5,0.00215835112520578,0.025,0.02532375266878087,0.03798562900317131,3.0,5000.0,0.928,0.072,1.1775862068965517,0.7955189424126646,0.7915083457435865,0.0016475053375617338
9.5,0.00215835112520578,0.025,0.02532375266878087,0.03798562900317131,5.0,5000.0,0.9286,0.0714,1.1763945724746931,0.7955189424126646,0.7948581944707532,0.0016475053375617338
9.5,0.00215835112520578,0.025,0.02532375266878087,0.03798562900317131,7.0,5000.0,0.9262,0.0738,1.1753400993305982,0.7955189424126646,0.7954100838365562,0.0016475053375617338
10.0,0.00181184300533911,0.025,0.025271776450800865,0.037907664676201304,1.0,5000.0,0.9242,0.0758,1.175070331097165,0.7954091951772985,0.772610209158511,0.001543552901601733
10.0,0.00181184300533911,0.025,0.025271776450800865,0.037907664676201304,3.0,5000.0,0.9264,0.0736,1.1692573402417963,0.7954091951772984,0.7918900510750106,0.001543552901601733
10.0,0.00181184300533911,0.025,0.025271776450800865,0.037907664676201304,5.0,5000.0,0.9284,0.0716,1.1669538991813873,0.7954091951772985,0.7948659966682744,0.001543552901601733
10.0,0.00181184300533911,0.025,0.025271776450800865,0.037907664676201304,7.0,5000.0,0.9302,0.0698,1.1758761556654482,0.7954091951772986,0.7953253496138234,0.001543552901601733
10.5,0.0015209643313634966,0.025,0.025228144649704527,0.037842216974556794,1.0,5000.0,0.93,0.07,1.1705376344086023,0.79531700813477,0.773813658190762,0.001456289299409049
10.5,0.0015209643313634966,0.025,0.025228144649704527,0.037842216974556794,3.0,5000.0,0.9286,0.0714,1.179625242300237,0.79531700813477,0.7921854982922792,0.001456289299409049
10.5,0.0015209643313634966,0.025,0.025228144649704527,0.037842216974556794,5.0,5000.0,0.9256,0.0744,1.1678910976663786,0.79531700813477,0.7948609697073086,0.001456289299409049
10.5,0.0015209643313634966,0.025,0.025228144649704527,0.037842216974556794,7.0,5000.0,0.925,0.075,1.1829189189189189,0.7953170081347699,0.795250595746567,0.001456289299409049
11.0,0.0012767841863026304,0.025,0.025191517627945394,0.037787276441918094,1.0,5000.0,0.922,0.078,1.172885032537961,0.7952395795296051,0.774823242158414,0.0013830352558907892
11.0,0.0012767841863026304,0.025,0.025191517627945394,0.037787276441918094,3.0,5000.0,0.9352,0.0648,1.1710863986313087,0.795239579529605,0.7924159280915531,0.0013830352558907892
11.0,0.0012767841863026304,0.025,0.025191517627945394,0.037787276441918094,5.0,5000.0,0.9336,0.0664,1.171165381319623,0.795239579529605,0.7948490585806879,0.0013830352558907892
11.0,0.0012767841863026304,0.025,0.025191517627945394,0.037787276441918094,7.0,5000.0,0.9236,0.0764,1.1777825898657428,0.795239579529605,0.7951855691055532,0.0013830352558907892
11.5,0.0010718054491988432,0.025,0.025160770817379826,0.037741156226069744,1.0,5000.0,0.9276,0.0724,1.1513583441138422,0.79517455226706,0.7756702792499368,0.001321541634759653
11.5,0.0010718054491988432,0.025,0.025160770817379826,0.037741156226069744,3.0,5000.0,0.9318,0.0682,1.1644129641553982,0.79517455226706,0.7925969813822754,0.001321541634759653
11.5,0.0010718054491988432,0.025,0.025160770817379826,0.037741156226069744,5.0,5000.0,0.9224,0.0776,1.1771465741543798,0.7951745522670599,0.7948339155429814,0.001321541634759653
11.5,0.0010718054491988432,0.025,0.025160770817379826,0.037741156226069744,7.0,5000.0,0.9344,0.0656,1.1847174657534247,0.79517455226706,0.7951295357057403,0.001321541634759653
12.0,0.000899734609228663,0.025,0.0251349601913843,0.03770244028707645,1.0,5000.0,0.9232,0.0768,1.1726603119584056,0.795119944044294,0.7763810024291251,0.0012699203827685988
12.0,0.000899734609228663,0.025,0.0251349601913843,0.03770244028707645,3.0,5000.0,0.9324,0.0676,1.172029172029172,0.795119944044294,0.7927402476534327,0.0012699203827685988
12.0,0.000899734609228663,0.025,0.0251349601913843,0.03770244028707645,5.0,5000.0,0.9254,0.0746,1.1649016641452345,0.795119944044294,0.7948177415491385,0.0012699203827685988
12.0,0.000899734609228663,0.025,0.0251349601913843,0.03770244028707645,7.0,5000.0,0.9368,0.0632,1.1712211784799318,0.795119944044294,0.7950815667334618,0.0012699203827685988
12.5,0.0007552885345460398,0.025,0.02511329328018191,0.03766993992027287,1.0,5000.0,0.9196,0.0804,1.1561548499347543,0.7950740882501054,0.776977392702146,0.001226586560363812
12.5,0.0007552885345460398,0.025,0.02511329328018191,0.03766993992027287,3.0,5000.0,0.9286,0.0714,1.1729485246607796,0.7950740882501054,0.7928543718954931,0.001226586560363812
12.5,0.0007552885345460398,0.025,0.02511329328018191,0.03766993992027287,5.0,5000.0,0.925,0.075,1.1751351351351351,0.7950740882501055,0.7948018208252668,0.001226586560363812
12.5,0.0007552885345460398,0.025,0.02511329328018191,0.03766993992027287,7.0,5000.0,0.931,0.069,1.1774436090225564,0.7950740882501054,0.795040692293692,0.001226586560363812
13.0,0.0006340322630311592,0.025,0.025095104839454676,0.03764265725918202,1.0,5000.0,0.9308,0.0692,1.1753330468414267,0.7950355840368378,0.777477873649672,0.0011902096789093478
13.0,0.0006340322630311592,0.025,0.025095104839454676,0.03764265725918202,3.0,5000.0,0.9192,0.0808,1.172976501305483,0.7950355840368379,0.7929458483526088,0.0011902096789093478
13.0,0.0006340322630311592,0.025,0.025095104839454676,0.03764265725918202,5.0,5000.0,0.9216,0.0784,1.1853298611111112,0.7950355840368379,0.7947868616730648,0.0011902096789093478
13.0,0.0006340322630311592,0.025,0.025095104839454676,0.03764265725918202,7.0,5000.0,0.9264,0.0736,1.1811312607944733,0.7950355840368378,0.7950059808603656,0.0011902096789093478
13.5,0.0005322428345956954,0.025,0.025079836425189357,0.03761975463778404,1.0,5000.0,0.9296,0.0704,1.1699655765920827,0.7950032541852269,0.7778978909526281,0.0011596728503787087
13.5,0.0005322428345956954,0.025,0.025079836425189357,0.03761975463778404,3.0,5000.0,0.938,0.062,1.1663113006396588,0.795003254185227,0.7930195916515554,0.0011596728503787087
13.5,0.0005322428345956954,0.025,0.025079836425189357,0.03761975463778404,5.0,5000.0,0.923,0.077,1.180715059588299,0.7950032541852268,0.7947732142267655,0.0011596728503787087
13.5,0.0005322428345956954,0.025,0.025079836425189357,0.03761975463778404,7.0,5000.0,0.9284,0.0716,1.1775096940973717,0.795003254185227,0.7949765770757936,0.0011596728503787087
14.0,0.00044679498425546064,0.025,0.02506701924763832,0.037600528871457484,1.0,5000.0,0.9254,0.0746,1.172465960665658,0.7949761095768483,0.778250396404494,0.0011340384952766383
14.0,0.00044679498425546064,0.025,0.02506701924763832,0.037600528871457484,3.0,5000.0,0.9264,0.0736,1.169041450777202,0.7949761095768483,0.793079349317008,0.0011340384952766383
14.0,0.00044679498425546064,0.025,0.02506701924763832,0.037600528871457484,5.0,5000.0,0.9276,0.0724,1.166235446313066,0.7949761095768483,0.7947610096617516,0.0011340384952766383
14.0,0.00044679498425546064,0.025,0.02506701924763832,0.037600528871457484,7.0,5000.0,0.9258,0.0742,1.1695830632966084,0.7949761095768483,0.7949517164184435,0.0011340384952766383
14.5,0.000375065186377714,0.025,0.02505625977795666,0.03758438966693499,1.0,5000.0,0.9184,0.0816,1.1694250871080138,0.7949533192596939,0.7785462524717965,0.0011125195559133143
14.5,0.000375065186377714,0.025,0.02505625977795666,0.03758438966693499,3.0,5000.0,0.925,0.075,1.177081081081081,0.7949533192596938,0.7931280009940228,0.0011125195559133143
14.5,0.000375065186377714,0.025,0.02505625977795666,0.03758438966693499,5.0,5000.0,0.9256,0.0744,1.1752376836646499,0.7949533192596939,0.7947502490330615,0.0011125195559133143
14.5,0.000375065186377714,0.025,0.02505625977795666,0.03758438966693499,7.0,5000.0,0.9316,0.0684,1.1792614856161443,0.794953319259694,0.7949307272998586,0.0011125195559133143
15.0,0.00031485110395088306,0.025,0.02504722766559263,0.03757084149838895,1.0,5000.0,0.9226,0.0774,1.1636678950791242,0.7949341852415938,0.7787945706722714,0.001094455331185265
15.0,0.00031485110395088306,0.025,0.02504722766559263,0.03757084149838895,3.0,5000.0,0.9262,0.0738,1.1651911034333837,0.7949341852415938,0.7931677765207265,0.001094455331185265
15.0,0.00031485110395088306,0.025,0.02504722766559263,0.03757084149838895,5.0,5000.0,0.9216,0.0784,1.1805555555555556,0.7949341852415936,0.7947408596974331,0.001094455331185265
15.0,0.00031485110395088306,0.025,0.02504722766559263,0.03757084149838895,7.0,5000.0,0.9324,0.0676,1.16988416988417,0.7949341852415938,0.7949130266243475,0.001094455331185265
15.5,0.0002643039697085044,0.025,0.02503964559545628,0.03755946839318442,1.0,5000.0,0.9276,0.0724,1.1660198361362657,0.7949181212754686,0.7790029947588142,0.0010792911909125514
15.5,0.0002643039697085044,0.025,0.02503964559545628,0.03755946839318442,3.0,5000.0,0.9276,0.0724,1.1733505821474774,0.7949181212754686,0.7932004156903004,0.0010792911909125514
15.5,0.0002643039697085044,0.025,0.02503964559545628,0.03755946839318442,5.0,5000.0,0.9274,0.0726,1.1671339227949105,0.7949181212754687,0.7947327308248031,0.0010792911909125514
15.5,0.0002643039697085044,0.025,0.02503964559545628,0.03755946839318442,7.0,5000.0,0.9306,0.0694,1.1732215774768966,0.7949181212754687,0.7948981122474403,0.0010792911909125514
16.0,0.0002218718229889759,0.025,0.02503328077344835,0.03754992116017253,1.0,5000.0,0.9264,0.0736,1.168609671848014,0.79490463501177,0.7791779378265121,0.0010665615468966928
16.0,0.0002218718229889759,0.025,0.02503328077344835,0.03754992116017253,3.0,5000.0,0.9298,0.0702,1.1600344160034417,0.79490463501177,0.7932272859640213,0.0010665615468966928
16.0,0.0002218718229889759,0.025,0.02503328077344835,0.03754992116017253,5.0,5000.0,0.929,0.071,1.167491926803014,0.79490463501177,0.7947257354122649,0.0010665615468966928
16.0,0.0002218718229889759,0.025,0.02503328077344835,0.03754992116017253,7.0,5000.0,0.9284,0.0716,1.1706161137440758,0.7949046350117701,0.7948855542684112,0.0010665615468966928
8.0,0.003648603757513078,0.03,0.030656748676352354,0.04598512301452853,1.0,5000.0,0.9096,0.0904,1.1802990325417766,0.7959900699140502,0.7649913091992231,0.0020945811272539234
8.0,0.003648603757513078,0.03,0.030656748676352354,0.04598512301452853,3.0,5000.0,0.9146,0.0854,1.1788760113710912,0.7959900699140502,0.7894971279978964,0.0020945811272539234
8.0,0.003648603757513078,0.03,0.030656748676352354,0.04598512301452853,5.0,5000.0,0.9066,0.0934,1.1661151555261415,0.7959900699140502,0.7946300705542572,0.0020945811272539234
8.0,0.003648603757513078,0.03,0.030656748676352354,0.04598512301452853,7.0,5000.0,0.9036,0.0964,1.1713147410358566,0.7959900699140501,0.7957052070148399,0.0020945811272539234
8.5,0.003062846040249265,0.03,0.030551312287244867,0.0458269684308673,1.0,5000.0,0.9098,0.0902,1.1725653989887888,0.7958050573225784,0.7674247242288573,0.0019188538120747795
8.5,0.003062846040249265,0.03,0.030551312287244867,0.0458269684308673,3.0,5000.0,0.9094,0.0906,1.1836375632285023,0.7958050573225786,0.7903592862880946,0.0019188538120747795
8.5,0.003062846040249265,0.03,0.030551312287244867,0.0458269684308673,5.0,5000.0,0.9182,0.0818,1.1679372685689393,0.7958050573225786,0.794760093471658,0.0019188538120747795
8.5,0.003062846040249265,0.03,0.030551312287244867,0.0458269684308673,7.0,5000.0,0.9096,0.0904,1.1846965699208443,0.7958050573225784,0.7956045440356966,0.0019188538120747795
9.0,0.002571127612022411,0.03,0.030462802970164033,0.04569420445524605,1.0,5000.0,0.9072,0.0928,1.1772486772486772,0.7956495787300862,0.7694648078632464,0.0017713382836067233
9.0,0.002571127612022411,0.03,0.030462802970164033,0.04569420445524605,3.0,5000.0,0.9192,0.0808,1.1725413402959095,0.7956495787300861,0.7910113700216959,0.0017713382836067233
9.0,0.002571127612022411,0.03,0.030462802970164033,0.04569420445524605,5.0,5000.0,0.92,0.08,1.1665217391304348,0.7956495787300862,0.7948279950648334,0.0017713382836067233
9.0,0.002571127612022411,0.03,0.030462802970164033,0.04569420445524605,7.0,5000.0,0.9186,0.0814,1.1628565207925103,0.7956495787300862,0.7955040484701414,0.0017713382836067233
9.5,0.00215835112520578,0.03,0.03038850320253704,0.04558275480380556,1.0,5000.0,0.9114,0.0886,1.1691902567478605,0.7955189424126646,0.7711754906638912,0.0016475053375617338
9.5,0.00215835112520578,0.03,0.03038850320253704,0.04558275480380556,3.0,5000.0,0.909,0.091,1.174037403740374,0.7955189424126647,0.7915083457435865,0.0016475053375617338
9.5,0.00215835112520578,0.03,0.03038850320253704,0.04558275480380556,5.0,5000.0,0.915,0.085,1.1654644808743169,0.7955189424126645,0.794858194470753,0.0016475053375617338
9.5,0.00215835112520578,0.03,0.03038850320253704,0.04558275480380556,7.0,5000.0,0.9198,0.0802,1.1765601217656012,0.7955189424126646,0.7954100838365563,0.0016475053375617338
10.0,0.00181184300533911,0.03,0.030326131740961035,0.04548919761144155,1.0,5000.0,0.9104,0.0896,1.1616871704745166,0.7954091951772985,0.772610209158511,0.001543552901601733
10.0,0.00181184300533911,0.03,0.030326131740961035,0.04548919761144155,3.0,5000.0,0.914,0.086,1.1667396061269146,0.7954091951772985,0.7918900510750106,0.001543552901601733
10.0,0.00181184300533911,0.03,0.030326131740961035,0.04548919761144155,5.0,5000.0,0.916,0.084,1.1657205240174673,0.7954091951772985,0.7948659966682743,0.001543552901601733
10.0,0.00181184300533911,0.03,0.030326131740961035,0.04548919761144155,7.0,5000.0,0.9146,0.0854,1.1681609446752679,0.7954091951772984,0.7953253496138233,0.001543552901601733
10.5,0.0015209643313634966,0.03,0.03027377357964543,0.04541066036946814,1.0,5000.0,0.924,0.076,1.1673160173160173,0.79531700813477,0.7738136581907621,0.001456289299409049
10.5,0.0015209643313634966,0.03,0.03027377357964543,0.04541066036946814,3.0,5000.0,0.917,0.083,1.1738276990185388,0.7953170081347699,0.7921854982922792,0.001456289299409049
10.5,0.0015209643313634966,0.03,0.03027377357964543,0.04541066036946814,5.0,5000.0,0.9128,0.0872,1.170464504820333,0.79531700813477,0.7948609697073085,0.001456289299409049
10.5,0.0015209643313634966,0.03,0.03027377357964543,0.04541066036946814,7.0,5000.0,0.9136,0.0864,1.1685639229422067,0.79531700813477,0.795250595746567,0.001456289299409049
11.0,0.0012767841863026304,0.03,0.03022982115353447,0.04534473173030171,1.0,5000.0,0.9132,0.0868,1.164257555847569,0.7952395795296052,0.774823242158414,0.0013830352558907892
11.0,0.0012767841863026304,0.03,0.03022982115353447,0.04534473173030171,3.0,5000.0,0.909,0.091,1.1665566556655667,0.7952395795296052,0.792415928091553,0.0013830352558907892
11.0,0.0012767841863026304,0.03,0.03022982115353447,0.04534473173030171,5.0,5000.0,0.9214,0.0786,1.1649663555459084,0.7952395795296051,0.7948490585806879,0.0013830352558907892
11.0,0.0012767841863026304,0.03,0.03022982115353447,0.04534473173030171,7.0,5000.0,0.9162,0.0838,1.1746343593101942,0.7952395795296052,0.795185569105553,0.0013830352558907892
11.5,0.0010718054491988432,0.03,0.03019292498085579,0.04528938747128368,1.0,5000.0,0.9156,0.0844,1.1738750546089995,0.79517455226706,0.775670279249937,0.001321541634759653
11.5,0.0010718054491988432,0.03,0.03019292498085579,0.04528938747128368,3.0,5000.0,0.9126,0.0874,1.1630506245890861,0.79517455226706,0.7925969813822753,0.001321541634759653
11.5,0.0010718054491988432,0.03,0.03019292498085579,0.04528938747128368,5.0,5000.0,0.9126,0.0874,1.190664036817883,0.79517455226706,0.7948339155429814,0.001321541634759653
11.5,0.0010718054491988432,0.03,0.03019292498085579,0.04528938747128368,7.0,5000.0,0.9106,0.0894,1.168899626619811,0.79517455226706,0.7951295357057403,0.001321541634759653
12.0,0.000899734609228663,0.03,0.030161952229661157,0.045242928344491735,1.0,5000.0,0.9072,0.0928,1.1710758377425043,0.795119944044294,0.7763810024291251,0.0012699203827685988
12.0,0.000899734609228663,0.03,0.030161952229661157,0.045242928344491735,3.0,5000.0,0.9116,0.0884,1.173979815708644,0.7951199440442939,0.7927402476534325,0.0012699203827685988
12.0,0.000899734609228663,0.03,0.030161952229661157,0.045242928344491735,5.0,5000.0,0.912,0.088,1.1603070175438597,0.795119944044294,0.7948177415491385,0.0012699203827685988
12.0,0.000899734609228663,0.03,0.030161952229661157,0.045242928344491735,7.0,5000.0,0.9146,0.0854,1.172097091624754,0.795119944044294,0.7950815667334618,0.0012699203827685988
12.5,0.0007552885345460398,0.03,0.030135951936218288,0.04520392790432744,1.0,5000.0,0.9116,0.0884,1.1715664765247915,0.7950740882501053,0.7769773927021459,0.001226586560363812
12.5,0.0007552885345460398,0.03,0.030135951936218288,0.04520392790432744,3.0,5000.0,0.917,0.083,1.1620501635768812,0.7950740882501054,0.7928543718954931,0.001226586560363812
12.5,0.0007552885345460398,0.03,0.030135951936218288,0.04520392790432744,5.0,5000.0,0.9086,0.0914,1.1809377063614352,0.7950740882501054,0.7948018208252667,0.001226586560363812
12.5,0.0007552885345460398,0.03,0.030135951936218288,0.04520392790432744,7.0,5000.0,0.9214,0.0786,1.175168222270458,0.7950740882501054,0.7950406922936921,0.001226586560363812
13.0,0.0006340322630311592,0.03,0.03011412580734561,0.04517118871101841,1.0,5000.0,0.9102,0.0898,1.1687541199736322,0.7950355840368379,0.777477873649672,0.0011902096789093478
13.0,0.0006340322630311592,0.03,0.03011412580734561,0.04517118871101841,3.0,5000.0,0.915,0.085,1.1753005464480875,0.795035584036838,0.7929458483526088,0.0011902096789093478
13.0,0.0006340322630311592,0.03,0.03011412580734561,0.04517118871101841,5.0,5000.0,0.912,0.088,1.1631578947368422,0.795035584036838,0.7947868616730648,0.0011902096789093478
13.0,0.0006340322630311592,0.03,0.03011412580734561,0.04517118871101841,7.0,5000.0,0.9112,0.0888,1.1657155399473222,0.7950355840368379,0.7950059808603654,0.0011902096789093478
13.5,0.0005322428345956954,0.03,0.030095803710227225,0.045143705565340836,1.0,5000.0,0.9144,0.0856,1.1771653543307086,0.7950032541852269,0.7778978909526281,0.0011596728503787087
13.5,0.0005322428345956954,0.03,0.030095803710227225,0.045143705565340836,3.0,5000.0,0.9208,0.0792,1.1798436142484796,0.7950032541852269,0.7930195916515556,0.0011596728503787087
13.5,0.0005322428345956954,0.03,0.030095803710227225,0.045143705565340836,5.0,5000.0,0.9086,0.0914,1.1749944970283954,0.7950032541852269,0.7947732142267655,0.0011596728503787087
13.5,0.0005322428345956954,0.03,0.030095803710227225,0.045143705565340836,7.0,5000.0,0.9136,0.0864,1.1751313485113835,0.7950032541852269,0.7949765770757937,0.0011596728503787087
14.0,0.00044679498425546064,0.03,0.03008042309716598,0.04512063464574897,1.0,5000.0,0.9134,0.0866,1.1688197941756076,0.7949761095768482,0.7782503964044941,0.0011340384952766383
14.0,0.00044679498425546064,0.03,0.03008042309716598,0.04512063464574897,3.0,5000.0,0.9188,0.0812,1.1608619939050937,0.7949761095768483,0.7930793493170079,0.0011340384952766383
14.0,0.00044679498425546064,0.03,0.03008042309716598,0.04512063464574897,5.0,5000.0,0.914,0.086,1.174835886214442,0.7949761095768483,0.7947610096617514,0.0011340384952766383
14.0,0.00044679498425546064,0.03,0.03008042309716598,0.04512063464574897,7.0,5000.0,0.9174,0.0826,1.1680837148463048,0.7949761095768483,0.7949517164184434,0.0011340384952766383
14.5,0.000375065186377714,0.03,0.030067511733547988,0.04510126760032198,1.0,5000.0,0.91,0.09,1.167032967032967,0.7949533192596939,0.7785462524717965,0.0011125195559133143
14.5,0.000375065186377714,0.03,0.030067511733547988,0.04510126760032198,3.0,5000.0,0.9206,0.0794,1.1581577232239844,0.7949533192596939,0.7931280009940229,0.0011125195559133143
14.5,0.000375065186377714,0.03,0.030067511733547988,0.04510126760032198,5.0,5000.0,0.918,0.082,1.171677559912854,0.7949533192596938,0.7947502490330614,0.0011125195559133143
14.5,0.000375065186377714,0.03,0.030067511733547988,0.04510126760032198,7.0,5000.0,0.9134,0.0866,1.1664112108605211,0.7949533192596939,0.7949307272998585,0.0011125195559133143
15.0,0.00031485110395088306,0.03,0.030056673198711154,0.04508500979806673,1.0,5000.0,0.916,0.084,1.158296943231441,0.7949341852415936,0.7787945706722715,0.001094455331185265
15.0,0.00031485110395088306,0.03,0.030056673198711154,0.04508500979806673,3.0,5000.0,0.908,0.092,1.1779735682819383,0.7949341852415938,0.7931677765207265,0.001094455331185265
15.0,0.00031485110395088306,0.03,0.030056673198711154,0.04508500979806673,5.0,5000.0,0.9112,0.0888,1.1692273924495171,0.7949341852415938,0.7947408596974331,0.001094455331185265
15.0,0.00031485110395088306,0.03,0.030056673198711154,0.04508500979806673,7.0,5000.0,0.9102,0.0898,1.165238409140848,0.7949341852415938,0.7949130266243475,0.001094455331185265
15.5,0.0002643039697085044,0.03,0.030047574714547533,0.045071362071821296,1.0,5000.0,0.9134,0.0866,1.1703525290124808,0.7949181212754687,0.7790029947588141,0.0010792911909125514
15.5,0.0002643039697085044,0.03,0.030047574714547533,0.045071362071821296,3.0,5000.0,0.908,0.092,1.174669603524229,0.7949181212754687,0.7932004156903003,0.0010792911909125514
15.5,0.0002643039697085044,0.03,0.030047574714547533,0.045071362071821296,5.0,5000.0,0.918,0.082,1.170806100217865,0.7949181212754686,0.7947327308248031,0.0010792911909125514
15.5,0.0002643039697085044,0.03,0.030047574714547533,0.045071362071821296,7.0,5000.0,0.9164,0.0836,1.1778699257965954,0.7949181212754687,0.7948981122474404,0.0010792911909125514
16.0,0.0002218718229889759,0.03,0.030039936928138014,0.04505990539220702,1.0,5000.0,0.9176,0.0824,1.172406277244987,0.79490463501177,0.779177937826512,0.0010665615468966928
16.0,0.0002218718229889759,0.03,0.030039936928138014,0.04505990539220702,3.0,5000.0,0.9104,0.0896,1.171792618629174,0.7949046350117701,0.7932272859640214,0.0010665615468966928
16.0,0.0002218718229889759,0.03,0.030039936928138014,0.04505990539220702,5.0,5000.0,0.9146,0.0854,1.1749398644216051,0.7949046350117701,0.7947257354122648,0.0010665615468966928
16.0,0.0002218718229889759,0.03,0.030039936928138014,0.04505990539220702,7.0,5000.0,0.92,0.08,1.1697826086956522,0.7949046350117701,0.7948855542684113,0.0010665615468966928
